label,name,year,England,Scotland,Wales,Irish.Republic,Rest.of.UK,India,Pakistan,Europe,Rest.of.world,UK,non.UK
05CFFA,Anston/Woodsetts,1971,96.59096541290411,1.0151978328084863,0.6678349754625321,0.2661796313146855,0.18359595668832568,0.0846014048378574,0,0.5542755872864071,0.6373491986975959,98.45759417786344,1.542405822136546
05CFFB,Aston/Orgreave/Ulley,1971,96.79100583059405,0.8414917225066376,0.3488380988764867,0.2647055345636236,0.16621358416757476,0.10634173791145107,0.008478686919630123,0.2920178880548531,1.1809069164056862,98.14754923614474,1.852450763855244
05CFFC,Boston,1971,94.57851496628015,1.3459203249096077,0.4936041587577833,0.541089492831991,0.28958874683059366,0.36764577441470486,1.0922400017361638,0.513482776975146,0.7779137572638619,96.70762819677813,3.292371803221868
05CFFD,Bramley/Ravenfield/Wickersley,1971,97.24566375811283,0.9942176763442813,0.5030600502585691,0.3384347075615799,0.1467245230576805,0.12637044450350568,0,0.3005458906428397,0.34498294951870545,98.88966600777336,1.1103339922266309
05CFFE,Brampton/Melton/Wentworth,1971,97.69357879171316,0.9022706098931762,0.3719543459843868,0.31298069120817296,0.09846619501909543,0.04774166307322178,0.020049589900538352,0.30627475598649145,0.24668335722174603,99.06626994260984,0.9337300573901707
05CFFF,Brinsworth/Catcliffe/Treeton,1971,97.61832798965338,0.8478143278375536,0.2973125204635665,0.35076737033394073,0.13658702220870733,0.044797429403436215,0.017681805081444662,0.3823623115460193,0.3043492234719387,98.9000418601632,1.0999581398367797
05CFFG,Broom,1971,96.98614406239574,0.9551761751255913,0.5987059641323085,0.30953636912154175,0.09937505490713344,0.12402923737533797,0.028799497683320657,0.36017209268031525,0.5380615465787103,98.63940125656076,1.360598743439226
05CFFH,Central,1971,91.91861423003961,0.854830249272559,0.4092067680416843,0.8502007790017726,0.4142606659189316,0.3600904844428485,3.097903977135209,1.0179353935895183,1.0769574525578658,93.59691191327278,6.403088086727213
05CFFJ,Dalton/Hooton Roberts/Thrybergh,1971,96.5559124012243,1.2518889855622117,0.5478292635435916,0.657536650759437,0.22957348244230066,0.04777737332303973,9.893553378465987e-5,0.36170335899719946,0.34767954861413997,98.58520413277242,1.4147958672276009
05CFFK,Greasebrough,1971,97.42778021514495,0.7468121437416357,0.521736448353357,0.3449667494511589,0.065567862441088115,0.15344202949583535,0.020234416454438842,0.44849679770615186,0.2709633372113814,98.76189666968102,1.2381033303189664
05CFFL,Herringthorpe,1971,97.04609049604562,0.7994415949956288,0.3407755912151838,0.5645038588687602,0.2652660200768261,0.0762577798430443,0.1627491412294021,0.38507610925094965,0.3598394084745885,98.45157370233325,1.5484262976667447
05CFFM,Kimberworth,1971,97.3422666492674,0.6671666835553914,0.3265102484370188,0.4921512693118177,0.2199545163813849,0.10949864375922778,0.03260274587804002,0.5393247531521144,0.2705244902576042,98.55589809764119,1.444101902358804
05CFFN,Kiveton Park,1971,95.99157422230475,2.133005289843208,0.8504496776411458,0.18294798321417158,0.08020004819955144,0.0341469126813794,0,0.35824560622809887,0.36943025988770545,99.05522923798867,0.9447707620113552
05CFFP,Maltby,1971,93.20207378697235,4.1444602639825066,0.47527855014421283,1.131810449426466,0.19639101307852083,0.07280846801692302,0,0.41335121908785316,0.36382624929117374,98.0182036141776,1.981796385822416
05CFFQ,Park,1971,93.70645310465893,0.912723807340639,0.4163450669272586,0.7614285613955506,0.23135053786427118,0.1779923699923878,2.1109079953604297,0.761354759653889,0.9214437968066397,95.26687251679111,4.7331274832088965
05CFFR,Rawmarsh East,1971,96.25651725170869,1.228114887679473,1.3198047789169416,0.5593182183555563,0.12715458035537527,0.0011617364534272498,0,0.3826641950646436,0.12526435146590031,98.93159149866048,1.0684085013395275
05CFFS,Rawmarsh West,1971,97.48238418831262,0.8451894551931846,0.332712279522393,0.420710806929958,0.15437902666167325,0.0704149598294128,0.0015482345660281199,0.44846455746863123,0.2441964915160955,98.81466494968987,1.1853350503101256
05CFFT,St.John's,1971,94.83897619372624,2.064915270002555,0.7550273306078932,0.6686491078580857,0.20870433426073912,0.08334839853530925,0,0.7927992702364897,0.5875800947726998,97.86762312859743,2.1323768714025846
05CFFU,Swinton,1971,96.83150005696335,1.1937932274341831,0.7115167009428036,0.3165285926669989,0.08763661260580866,0.04902579690419849,0,0.40042574801486314,0.4095732644678069,98.82444659794615,1.1755534020538674
05CFFW,Thorpe Hesley,1971,97.79142540862512,0.5956485590881747,0.426873804668261,0.2281270652195615,0.21947312015594628,0.011626667745796088,0,0.487687341023972,0.23913803347318124,99.03342089253749,0.9665791074625107
05CFFX,Thurcroft/Whiston,1971,96.99821287672992,1.3481972082407923,0.5233707203769732,0.2685524471633629,0.15675771071215217,0.03962477728865078,8.275484278016513e-4,0.38770577403231193,0.27675093702802234,99.02653851605984,0.9734614839401496
05CFFY,Wath,1971,96.97570102003905,0.8926113122900851,0.7608895039850526,0.5642530436760813,0.13451854961425874,0.011347790948142965,0.004722729915761887,0.33942972666600396,0.3165263228655664,98.76372038592845,1.2362796140715564
05CGFA,Beauchief,1971,96.3914433036477,0.8801789798974567,0.5158440600101674,0.40630361834041423,0.2683167010422127,0.12423703583781119,0.009290075352960071,0.6771211761285194,0.7272650497427502,98.05578304459753,1.944216955402455
05CGFB,Birley,1971,97.97579384009713,0.5518666123532764,0.25365850276452145,0.32900994642860387,0.18290507281301277,0.06487624233447054,0.013727014745321505,0.3354697817561477,0.2926929867075078,98.96422402802794,1.0357759719720514
05CGFC,Brightside,1971,96.61979434213201,0.5555786853420976,0.21014521874439382,0.5338309247122613,0.1409867669103315,0.09506953815885162,0.5494418153668642,0.43557388882733505,0.8595788198058526,97.52650501312883,2.473494986871165
05CGFD,Broomhill,1971,88.13201472060452,2.0530368638084044,1.3064215524569303,1.1788944370509888,0.5139231688785184,0.5851993777940229,0.14117725300234893,2.2312482243493807,3.8580844020548932,92.00539630574836,7.9946036942516345
05CGFE,Burngreave,1971,89.13343347899844,0.7679749456495139,0.32048887012243504,0.8669353787614331,0.34562445660085345,0.5253919872674111,2.317764560697825,0.5445431823179615,5.177843139584114,90.56752175137125,9.432478248628744
05CGFF,Castle,1971,94.87144405357382,0.6654939262795683,0.19138755364417512,0.5148951309966866,0.1842510402203888,0.11141382482646942,1.167510401504783,0.3004191526951435,1.9931849162589648,95.91257657371796,4.087423426282047
05CGFG,Chapel Green,1971,97.55795158346756,0.6736052775801958,0.29308086599780625,0.36153332157803814,0.27573689805853513,0.027133451496471613,0.0055600536432407624,0.4241154946016498,0.38128305357650627,98.8003746251041,1.1996253748959065
05CGFH,Darnall,1971,93.23849319544607,0.6233972220678052,0.34050423819892994,0.5072996442818293,0.15573966514738266,0.2511797420679072,2.9870009652093743,0.44096762559183145,1.4554177019888699,94.35813432086019,5.641865679139812
05CGFJ,Dore,1971,95.12158417786017,1.3027234177286162,0.9807341173628167,0.3018499368040106,0.313364433776344,0.18933540124505382,0.015113150678828166,0.6759610015118613,1.0993343630322967,97.71840614672794,2.2815938532720503
05CGFK,Ecclesall,1971,92.89371691491026,1.9635663190479367,1.008497042801138,0.6770948029566671,0.3999454011740429,0.19700341886222414,0.11649771795846453,1.193171842978366,1.5505065393108979,96.26572567793337,3.7342743220666197
05CGFL,Firth Park,1971,93.34989292549217,0.5640949053337885,0.282813830641014,0.5070516459520608,0.2573680919968539,0.3207286985254113,0.24069906054389759,0.5377024410789766,3.9396484004358236,94.45416975346383,5.54583024653617
05CGFM,Hallam,1971,94.32771579306697,1.4722534545093517,1.011649156842614,0.44006683487519144,0.317057438585645,0.17435699626747342,0.07753028361795439,0.79362959396496,1.3857404482698361,97.12867584300459,2.8713241569954153
05CGFN,Handsworth,1971,97.74535682602419,0.575474284123603,0.27378844767270016,0.34323681513751875,0.18360737948084876,0.050943049322864656,0.011250468485052912,0.4662406639020611,0.35010206585116227,98.77822693730134,1.2217730626986596
05CGFP,Heeley,1971,95.3148199912239,0.7113691746625643,0.35491066396892046,0.5852311064787604,0.2593352950623899,0.1850159843252157,0.1957613876524825,0.6303593801700994,1.7631970164556727,96.64043512491777,3.359564875082231
05CGFQ,Hillsborough,1971,97.59483947408482,0.5108569230278734,0.24391748299207672,0.4892212158946664,0.20251719116406527,0.07695003049705935,0.019267795088397804,0.3909679743042638,0.47146191294677775,98.55213107126883,1.447868928731165
05CGFR,Intake,1971,97.6857900869416,0.5033423495744304,0.3316171487473377,0.33986062062887556,0.12234723589503199,0.11071724390591825,0.00613489471224391,0.3780720241304427,0.5221183954641361,98.6430968211584,1.3569031788416166
05CGFS,Manor,1971,97.41204354344617,0.5246764020335964,0.252395197415095,0.4848251098382305,0.14692792040129643,0.04159373888964051,0.2548446114465491,0.27397436133049574,0.6087191151989163,98.33604306329616,1.663956936703832
05CGFT,Mosborough,1971,98.1386930341459,0.37602230605116493,0.2657504708119115,0.3726132819385139,0.2124562873107594,0.09131057879652799,0,0.26267267741570127,0.28048136352951736,98.99292209831974,1.0070779016802605
05CGFU,Nether Edge,1971,88.54423547724124,1.6805896958957203,0.7865800642173548,1.0457631035310466,0.45751847355981184,0.5259787861694202,1.0887989290837659,1.7566072172786762,4.113928253022959,91.46892371091414,8.531076289085867
05CGFW,Nether Shire,1971,97.64765747681282,0.5317387562650042,0.29368733230251587,0.4550807825286798,0.23727788976622322,0.09328424967429179,0.028935355799761985,0.32108794749324315,0.39125020935746246,98.71036145514655,1.2896385448534393
05CGFX,Netherthorpe,1971,93.80600606586228,0.7076403989918032,0.32298861388038264,0.9270109601819279,0.35875252257851803,0.17906661641015592,0.1345030029408839,0.7959227002362753,2.76810911891778,95.19538760131297,4.8046123986870235
05CGFY,Norton,1971,97.34465459163847,0.6507005604054881,0.3574602972317829,0.4430070841600962,0.20183245662084717,0.11170099169880074,0.009480500228750762,0.4316971557318342,0.4494663622839194,98.55464790589659,1.4453520941034013
05CGFZ,Owlerton,1971,97.56460926727752,0.40708166135453455,0.24842863174098498,0.30818688753445317,0.1765954363160413,0.12868230337514064,0.023158122301827004,0.3356600959598297,0.8075975941396644,98.39671499668907,1.6032850033109147
05CGGA,Park,1971,97.21184596464897,0.5666472463806077,0.2052946660107322,0.51238944512209,0.23921150265054317,0.07087789445298541,0.09338115740164363,0.43472562680511473,0.6656264965273181,98.22299937969086,1.7770006203091517
05CGGB,Sharrow,1971,89.60740761286849,1.2134575791719353,0.4750220325625119,1.2185801594007568,0.3431690773579414,0.6322318470752022,1.2305402626041972,1.077557729224231,4.202033699734744,91.63905630196086,8.360943698039131
05CGGC,Southey Green,1971,98.27940962888174,0.31458834782580786,0.19924558220913266,0.37893748648569037,0.21203474990674798,0.03991132715223544,0,0.21405784618212584,0.361815031356524,99.00527830882342,0.9947216911765757
05CGGD,South Wortley,1971,97.51779404938965,0.8022551361932586,0.29987434625181014,0.267014758772338,0.17506356873492807,0.07752721046558696,0.021592318285476305,0.28380907885180984,0.5550695330551365,98.79498710056964,1.2050128994303475
05CGGE,Stocksbridge,1971,97.35303855835335,0.7181343376768465,0.4695748215054105,0.6405397658747959,0.154986891136824,0.09162444305675208,0.003991750349267528,0.364946260256199,0.20316317179055413,98.69573460867242,1.3042653913275688
05CGGF,Walkley,1971,97.0884175749641,0.557772292560998,0.29517596056399314,0.49071810629989915,0.19221154807298582,0.05015668542231239,0.04681949834050479,0.40472542948693946,0.8740029042882723,98.13357737616208,1.866422623837928
05CFFA,Anston/Woodsetts,1981,96.08442904807406,1.3346561972847324,0.6611963372481008,0.23186997687711122,0.21182960739390805,0.08977862287645487,0.016334956517129618,0.6395708943539528,0.7303343593745578,98.2921111900008,1.7078888099992064
05CFFB,Aston/Orgreave/Ulley,1981,96.99851944281352,0.8620938883074454,0.5003263520982909,0.2369204320272272,0.1339167753462619,0.2059931434831819,0.03322595317916402,0.40640016642611887,0.6226038463187997,98.49485645856551,1.5051435414344918
05CFFC,Boston,1981,92.45725557458331,1.1373563952008523,0.673026924020845,0.3993945617415805,0.2724445584480832,1.036314543662698,2.037767498491225,0.5093685720631079,1.477071371788301,94.5400834522531,5.4599165477469125
05CFFD,Bramley/Ravenfield/Wickersley,1981,96.94058640222522,0.9509673237348448,0.4689880225767772,0.3421594350758405,0.11644661451953431,0.08897394293744702,0.01376861483453773,0.51073533748486,0.5673743066109319,98.47698836305638,1.5230116369436173
05CFFE,Brampton/Melton/Wentworth,1981,98.05214150081348,0.7110987329458698,0.32893261873500024,0.16468934773714616,0.08866611915744828,0.04399636249297601,0.043044599812828134,0.2946480370869265,0.2727826812183306,99.1808389716518,0.8191610283482075
05CFFF,Brinsworth/Catcliffe/Treeton,1981,97.51526762467624,0.5974996125971864,0.21290162896886794,0.25824335575365,0.2269259707493121,0.0550936193386871,0.2898213934639203,0.38771793931915766,0.45652885513298863,98.5525948369916,1.4474051630084037
05CFFG,Broom,1981,96.70930405447415,0.991143860281626,0.4998407750169887,0.4973296078122964,0.10550165503137307,0.2661708218887773,0.07744418346706694,0.38953841977049136,0.4637266222572344,98.30579034480414,1.6942096551958663
05CFFH,Central,1981,89.16275180324645,0.8989900234020314,0.26886840886629954,0.8785939770479719,0.1533732576970026,0.30105581388827496,6.3963312623275055,0.859422434416831,1.0806130191076284,90.48398349321178,9.516016506788212
05CFFJ,Dalton/Hooton Roberts/Thrybergh,1981,96.88835074479097,0.9629249378096956,0.30707632271470064,0.5592544270700169,0.24033444831727657,0.035100778598868634,0.06715050311044526,0.3643393761687439,0.5754684614192698,98.39868645363264,1.6013135463673445
05CFFK,Greasebrough,1981,97.83108088225188,0.7145023893843531,0.33768293933414495,0.2995387304619414,0.13656882160142922,0.0737614577857206,0.0063622473629287935,0.32317570275024493,0.2773268290673413,99.0198350325718,0.980164967428177
05CFFL,Herringthorpe,1981,96.84242275802225,0.7712457078800842,0.2736543587014409,0.5276144458196754,0.22436013994765455,0.04771869567876554,0.3499466742846956,0.5288271905855765,0.4342100290798484,98.11168296455142,1.8883170354485617
05CFFM,Kimberworth,1981,97.16655353335719,0.5969788435084373,0.23964297392103343,0.509622418982762,0.18738581399105908,0.08482702651225116,0.10158467397412356,0.650845777414172,0.4625589383389691,98.19056116477772,1.8094388352222777
05CFFN,Kiveton Park,1981,96.29962310292609,1.7757176183413017,0.6765047880320196,0.18588514477124252,0.05438491319612349,0.032690141526729555,2.3070326331637922e-4,0.5188509384343004,0.45611264950888186,98.80623042249553,1.1937695775044708
05CFFP,Maltby,1981,94.46779725094427,3.031365498872336,0.46324207317761795,0.7138278670747209,0.19274776439859206,0.16544897445709186,0.02410833993624358,0.4750272166235931,0.4664350145155381,98.15515258739282,1.8448474126071874
05CFFQ,Park,1981,91.99797786953074,0.7319971786627075,0.25148570738096643,0.6840691760618598,0.2192971187975249,0.19917907685675046,4.311996124759898,0.7186214631358437,0.8853762848137045,93.20075787437194,6.799242125628057
05CFFR,Rawmarsh East,1981,95.87579233147306,1.1397075366674105,1.1613546924421922,0.4890546586590482,0.14403261225036018,0.01898524224393375,0.04664405870489641,0.3831959548922182,0.7412329126668763,98.32088717283303,1.6791128271669726
05CFFS,Rawmarsh West,1981,97.39820472763779,0.7821491921122211,0.33189474471110403,0.3742933672267145,0.20426106252115717,0.0954822486666933,0.024348988810808294,0.48487302188398446,0.3044926464295176,98.71650972698227,1.2834902730177182
05CFFT,St.John's,1981,96.21877143454677,1.3089833972367932,0.6341971742833885,0.39139299334061345,0.11988011349672349,0.039794212349162465,0,0.7547813103862954,0.5321993643602491,98.28183211956366,1.7181678804363205
05CFFU,Swinton,1981,97.29405044957994,0.9261210114252877,0.3818918010797642,0.350747077685869,0.08046403294284558,0.09512015428674574,0.026065829927342264,0.4811688637948729,0.3643707792773346,98.68252729502784,1.3174727049721644
05CFFW,Thorpe Hesley,1981,97.84483872554257,0.4579805339513288,0.5135426578267993,0.33142803854023883,0.1067075898427718,0.03912930605145786,3.154318920800754e-6,0.44514813327288516,0.26122186065302155,98.92306950716348,1.0769304928365242
05CFFX,Thurcroft/Whiston,1981,96.91595144938519,1.105117441321069,0.45033232265338674,0.2997423772665186,0.17737830540959282,0.05661630992025925,0.036803632728998656,0.49047921741372624,0.4675789439012437,98.64877951876923,1.3512204812307465
05CFFY,Wath,1981,97.63310521431173,0.79874565065737535,0.26543676591994814,0.38947512951511215,0.13021229761842304,0.01946183658186406,4.1937618599226944e-4,0.3725827505233089,0.39056097868623085,98.82749992850748,1.1725000714925082
05CGFA,Beauchief,1981,96.2600046064201,0.8239196520588158,0.4101833777108887,0.3687246023835591,0.21638825038367815,0.18398310753215785,0.05416305297870882,0.6933605213526008,0.9892728291794941,97.71049588657348,2.2895041134265206
05CGFB,Birley,1981,97.6876722220134,0.6366534500505178,0.22479792092900586,0.3215854309685076,0.16175561780615336,0.06708771550546448,0.02321108480544888,0.43532896190673265,0.4419075960147459,98.71087921079908,1.2891207892008996
05CGFC,Brightside,1981,95.50434415155964,0.6569629109704347,0.22177909959583333,0.4123779116723429,0.11633221012917305,0.19148410305285332,1.0185655706857486,0.43922522037051326,1.438928821963457,96.49941837225508,3.500581627744915
05CGFD,Broomhill,1981,86.75311940620506,1.9252506858057925,1.4450695544356964,0.783911179057277,0.5555750178813528,0.4644471884980828,0.11481719377331391,2.366129299969332,5.591680474374088,90.6790146643279,9.320985335672093
05CGFE,Burngreave,1981,86.62742485794855,0.8488047350826853,0.3722308348422588,0.9384568221039441,0.37975422008767656,0.6530485566897899,3.6051244618033516,0.6443338293976286,5.9308216820441215,88.22821464796117,11.771785352038835
05CGFF,Castle,1981,91.73130749356076,0.8991503795081904,0.23550618438285398,0.5467749585710123,0.2112160880723313,0.2657658484158646,1.3792818883015894,0.45471748510052507,4.276279674086866,93.07718014552414,6.922819854475858
05CGFG,Chapel Green,1981,97.41384936798728,0.6897899921947598,0.26012139398320117,0.24332969570855403,0.16801520723159524,0.1808693987251126,0.008857584227219476,0.42872563182785445,0.6064417281144198,98.53177596139683,1.4682240386031604
05CGFH,Darnall,1981,90.72955319006132,0.44758721297861337,0.29001226169765876,0.40782256650939586,0.14751317531972138,0.2869232978291021,4.775226728474944,0.5380436176285454,2.3773179495006938,91.61466584005731,8.385334159942682
05CGFJ,Dore,1981,95.74922595119128,1.193501776624339,0.7209043442558868,0.2679627647917497,0.2429333691487356,0.17359651455714412,0.009899483014048149,0.7349601761426879,0.9070156202741345,97.90656544122024,2.0934345587797645
05CGFK,Ecclesall,1981,92.7943854916514,1.8559301314362107,1.1680646298386221,0.6663000025052305,0.370574046958323,0.2788668535211551,0.07349280889260569,1.1791302525149767,1.613255782681489,96.18895429988456,3.811045700115457
05CGFL,Firth Park,1981,93.34610357035302,0.4966445039675564,0.34551957948686984,0.44171293869937595,0.19965352377139473,0.30967060252095285,2.3773054028741996,0.4345657687791914,2.048824109547433,94.38792117757885,5.612078822421153
05CGFM,Hallam,1981,93.70676647411025,1.5887487546214079,0.9322034545859756,0.4128196399047917,0.28388529702019977,0.4177077747745908,0.017287568187965167,0.6930319700282817,1.9475490667665365,96.51160398033784,3.488396019662166
05CGFN,Handsworth,1981,97.79851684874062,0.498124593807715,0.23573495789415339,0.3193223084694677,0.13627285739822748,0.04201398001234111,0.015748892316599723,0.39283263939976193,0.5614329219611167,98.66864925784071,1.3313507421592872
05CGFP,Heeley,1981,94.87654206253721,0.7741831037689727,0.36776843073942894,0.4725051338225707,0.24725501926598958,0.21231572754607952,0.5675149580213362,0.6494720508899001,1.832443513408527,96.26574861631161,3.734251383688414
05CGFQ,Hillsborough,1981,97.42923129427844,0.5503899867376161,0.34395983323984847,0.4253004797085532,0.16688348076926857,0.047155624737436265,0.010453048988578222,0.33091260472733414,0.6957136468129242,98.49046459502517,1.5095354049748262
05CGFR,Intake,1981,97.78529132627965,0.4387714285092077,0.22296595770292818,0.35580270120584173,0.10754964936320849,0.09271047181627398,0.010215623317950537,0.42200936522526816,0.5646834765796723,98.554578361855,1.4454216381450067
05CGFS,Manor,1981,96.99062106224186,0.5856509191113018,0.22867086286964713,0.43695890504355483,0.2924426483484634,0.0884203741086508,0.23929943284321767,0.2923168310725991,0.8456189643607117,98.09738549257128,1.902614507428734
05CGFT,Mosborough,1981,97.50424506515394,0.5878587614277385,0.28973202656891855,0.3156978149105545,0.1871507217664554,0.07560334089276571,9.06924214358469e-5,0.44656900995283255,0.5930525669053534,98.56898657491705,1.4310134250829418
05CGFU,Nether Edge,1981,87.20025660023535,1.5508312931557824,0.8800037582990305,0.9196366675013466,0.47517600126242593,0.6562713362914915,2.3727913220890193,1.838565360071987,4.106467661093558,90.10626765295258,9.893732347047402
05CGFW,Nether Shire,1981,96.78408925467934,0.5770962715768553,0.3141586869049955,0.5345713819203928,0.24979716634591287,0.10972006111709426,0.3594692743145949,0.32272501042819063,0.7483728927126211,97.9251413795071,2.074858620492894
05CGFX,Netherthorpe,1981,92.56109182842972,0.8411536948052604,0.2929725509607302,0.7538654387072501,0.31190604987086534,0.1664257498609141,0.15843677995455718,0.8416714158512419,4.0724764915594545,94.00712412406658,5.992875875933418
05CGFY,Norton,1981,97.55130542067499,0.4781332058005026,0.31379093957880433,0.3710528935807754,0.1697135683679627,0.11021075443821905,0.017557951506712022,0.4333383922584596,0.5548968737935709,98.51294313442227,1.487056865577737
05CGFZ,Owlerton,1981,97.21618569062147,0.5209807990147204,0.292086475658766,0.33916926502116146,0.1870922439830508,0.16287345281638987,0.04543513156147017,0.4449177863298775,0.7912591549930884,98.216345209278,1.7836547907219873
05CGGA,Park,1981,97.6325189247647,0.3076564071029248,0.20755145552320892,0.3965695355933184,0.12380874969690446,0.11143620761453939,0.06860930415839515,0.3546406894381259,0.7972087261078756,98.27153553708773,1.7284644629122545
05CGGB,Sharrow,1981,84.00419791254303,1.3775947721589312,0.702726882728088,1.1322101986257647,0.571873824350432,0.5669318200791233,3.8572386048406724,1.1066040755667794,6.6806219091071775,86.65639339178048,13.343606608219517
05CGGC,Southey Green,1981,97.9683930789083,0.41434316203294774,0.2291882417519936,0.24128165323009548,0.272817873541757,0.08231659823469015,0.031275220099991535,0.2499830622140902,0.5104011099861263,98.88474235623501,1.1152576437649935
05CGGD,South Wortley,1981,97.65001926083771,0.7198919249067668,0.3507217566381401,0.22501944085416942,0.18217203748855773,0.09602669718979183,0.008659907836537093,0.3344239043492854,0.43306506989904586,98.90280497987116,1.0971950201288296
05CGGE,Stocksbridge,1981,97.25216990579361,0.699418331200846,0.3853186234567992,0.47830636736160526,0.14299223637267774,0.11420786797277718,0.014276370136157585,0.4069937364861185,0.5063165612194096,98.47989909682393,1.520100903176068
05CGGF,Walkley,1981,96.74772734523928,0.5262094775071023,0.3386846597612152,0.42803655676085767,0.2480200016535915,0.12457577397880666,0.050954437174412,0.6016685662812769,0.9341231816434546,97.86064148416119,2.1393585158388078
05CFFA,Anston/Woodsetts,1991,96.46349413298566,1.303780964797914,0.5133637548891786,0.18741851368970014,0.22001303780964798,0.13852672750977837,0.008148631029986962,0.6926336375488917,0.47262059973924386,98.5006518904824,1.4993481095176011
05CFFB,Aston/Orgreave/Ulley,1991,97.32535979496616,0.6900177433133995,0.3351514753236512,0.23000591443779983,0.1511467437734113,0.24972070710389693,0.026286390221462837,0.4862982190970625,0.5060130117631597,98.50167575737663,1.4983242426233818
05CFFC,Boston,1991,91.79679969153653,1.1085405822247927,0.578368999421631,0.3952188162714479,0.24098708309234626,1.0217852323115482,2.940042413726624,0.6940427993059572,1.224214382109119,93.7246963562753,6.275303643724696
05CFFD,Bramley/Ravenfield/Wickersley,1991,97.22369272395741,0.8940650549967649,0.3293923886830186,0.22939827068995938,0.1646961943415093,0.09999411799305924,0.04705605552614552,0.4764425622022234,0.5352626316099053,98.6118463619787,1.3881536380212927
05CFFE,Brampton/Melton/Wentworth,1991,97.63532444245209,0.5491426650229743,0.3137958085845568,0.2913818222570884,0.12327692480107587,0.06724195898240502,0.044827972654936675,0.5715566513504426,0.4034517538944301,98.62153984086069,1.3784601591393029
05CFFF,Brinsworth/Catcliffe/Treeton,1991,97.47023809523809,0.650062656641604,0.18013784461152882,0.20363408521303256,0.14097744360902253,0.10181704260651628,0.3681077694235589,0.5404135338345865,0.34461152882205515,98.44141604010024,1.558583959899749
05CFFG,Broom,1991,95.78676688754821,0.8109979230540996,0.4252793986747107,0.5241815844130155,0.13846306003362674,0.553852240134507,0.514291365839185,0.553852240134507,0.6923153001681337,97.16150726931065,2.838492730689348
05CFFH,Central,1991,89.63819837558454,0.9598818606940683,0.2830420871277381,0.6768397735663303,0.24612355402412012,0.31996062023135613,5.9438838296825,0.7752891951759784,1.1567807039133646,91.12724587743047,8.87275412256953
05CFFJ,Dalton/Hooton Roberts/Thrybergh,1991,96.87143671607754,1.0048460661345495,0.32069555302166475,0.5059863169897377,0.14253135689851767,0.021379703534777653,0.042759407069555305,0.5986316989737742,0.49173318129988597,98.33950969213227,1.6604903078677309
05CFFK,Greasebrough,1991,98.0898012954221,0.5598858272038644,0.3073882972883961,0.24151937644088264,0.09880338127127017,0.09880338127127017,0,0.3513009111867384,0.2524975299154682,99.05587880118564,0.9441211988143594
05CFFL,Herringthorpe,1991,96.22861586314151,0.72900466562986,0.145800933125972,0.4860031104199067,0.33048211508553654,0.029160186625194404,0.9622861586314152,0.6706842923794711,0.4179626749611197,97.43390357698287,2.566096423017107
05CFFM,Kimberworth,1991,97.57544043258329,0.4273504273504274,0.1744287458573173,0.39246467817896385,0.21803593232164659,0.07849293563579278,0.034885749171463455,0.6628292342578057,0.43607186464329317,98.39525553811268,1.6047444618873188
05CFFN,Kiveton Park,1991,96.38491275728765,1.6299237279281162,0.6686866576115349,0.15672343537770347,0.14627520635252325,0.10448229025180232,0,0.5015149932086511,0.40748093198202906,98.82979834917982,1.1702016508201858
05CFFP,Maltby,1991,95.81800128497167,1.8807312656970971,0.31540213772560016,0.5315110098709187,0.2044273114888149,0.13433794754979264,0.06424858361077039,0.6191227147946966,0.4322177442906372,98.21856199988318,1.7814380001168155
05CFFQ,Park,1991,92.00374337111366,0.5927004263283768,0.23915982115004678,0.5303109077674951,0.22876156805656647,0.2183633149630862,4.824789435374857,0.5511074139544557,0.811063741291463,93.06436518664866,6.935634813351357
05CFFR,Rawmarsh East,1991,96.95393056475262,0.72840790842872,0.9838236685271025,0.4635323053637309,0.11351811559928106,0,0.009459842966606754,0.5675905779964052,0.17973701636552833,98.77968025730773,1.2203197426922712
05CFFS,Rawmarsh West,1991,97.54165809504217,0.689158609339642,0.3188644311869986,0.37029417815264354,0.13371734211067682,0.02057189878625797,0.04114379757251594,0.41143797572515944,0.47315367208393333,98.68339847767948,1.3166015223205103
05CFFT,St.John's,1991,96.55236675363399,1.090197540067089,0.40998881848676855,0.3354453969437197,0.12113306000745434,0.03727171077152441,0,1.0342899739098026,0.4193067461796497,98.1736861721953,1.8263138278046966
05CFFU,Swinton,1991,97.70705834353325,0.8486332109343125,0.2039983680130559,0.2692778457772338,0.11423908608731131,0.12239902080783352,0.02447980416156671,0.42431660546715627,0.28559771521827826,98.87392900856793,1.1260709914320686
05CFFW,Thorpe Hesley,1991,97.81883731410545,0.5047318611987383,0.45065344749887337,0.2163136547994592,0.09914375844975214,0.07210455159981974,0.03605227579990987,0.3785488958990536,0.423614240648941,98.87336638125282,1.1266336187471835
05CFFX,Thurcroft/Whiston,1991,96.70245398773007,0.9777607361963191,0.4601226993865031,0.3834355828220859,0.07668711656441718,0.07668711656441718,0.12461656441717792,0.6230828220858895,0.5751533742331288,98.2170245398773,1.7829754601226995
05CFFY,Wath,1991,97.73689052437902,0.6807727690892365,0.28518859245630174,0.3955841766329347,0.11039558417663294,0.10119595216191353,0.00919963201471941,0.3311867525298988,0.34958601655933763,98.81324747010119,1.1867525298988042
05CGFA,Beauchief,1991,95.76117433613722,0.9621199626147672,0.516795865633075,0.42883061190829624,0.28038924624773215,0.17043267909175877,0.09346308208257738,0.8191764253120017,0.9676177909725658,97.52047941063279,2.4795205893672
05CGFB,Birley,1991,97.50729249535932,0.5674887297798992,0.26518164942985945,0.31291434632723414,0.15910898965791567,0.08485812781755503,0.042429063908777515,0.5674887297798992,0.49323786793953855,98.49907186422699,1.5009281357730044
05CGFC,Brightside,1991,96.05208885746272,0.5362088268222261,0.23569618761416533,0.2887278298273525,0.1590949266395616,0.10606328442637442,0.6069176831064758,0.4596075658476224,1.5555948382534912,96.98308879853869,3.0169112014613164
05CGFD,Broomhill,1991,85.89010639987296,1.9771319676036208,1.3974908686676195,0.8019691916785772,0.8178497697316182,0.6669842782277274,0.2779101159282198,2.159758615213594,6.010798793076068,90.08257900587583,9.917420994124186
05CGFE,Burngreave,1991,84.66245156026922,0.7682371337276497,0.40111496362771093,0.7274457814943232,0.33992793527772114,0.4487048745665919,5.289278672921341,0.6526616357332246,6.710177442382214,86.17173159290229,13.828268407097696
05CGFF,Castle,1991,91.97117858980958,0.8014116609072861,0.3014484229100801,0.448496434085729,0.2058672156459084,0.2940960223512977,1.2940224983457098,0.5881920447025955,4.09528711124182,93.27990588927287,6.720094110727152
05CGFG,Chapel Green,1991,97.4701873935264,0.5919931856899489,0.2385008517887564,0.22998296422487222,0.22572402044293013,0.14480408858603067,0.02981260647359455,0.4770017035775128,0.5919931856899489,98.52640545144803,1.4735945485519593
05CGFH,Darnall,1991,89.89794247666867,0.3329149156797468,0.23467772744637885,0.398406374501992,0.18010151176117448,0.2565082137204606,5.282977678327785,0.5948807509687278,2.821590350925067,90.64563663155599,9.354363368444032
05CGFJ,Dore,1991,94.67807575915684,1.434832515913597,0.8556819367630178,0.32348951267870185,0.37044766774496507,0.2191380569758948,0.06782844620682459,0.9130752373995616,1.1374308671605968,97.33903787957843,2.66096212042158
05CGFK,Ecclesall,1991,92.06639256890513,1.862849601543069,1.0557839703568348,0.6294096746358052,0.3756154509923354,0.42637429572102936,0.2639459925892087,1.3248058474189128,1.9948225978376735,95.36064159179739,4.63935840820263
05CGFL,Firth Park,1991,91.23854806911747,0.5450539255479532,0.27832540879044415,0.4870694653832773,0.2725269627739766,0.3131160848892497,3.711005450539256,0.4000927751362635,2.7542618578221036,92.33445436622985,7.66554563377015
05CGFM,Hallam,1991,92.95169136780179,1.4481276162461816,0.8315420296413621,0.51476411358751,0.31677791605385225,0.43556963457404685,0.15838895802692612,0.8598257721461704,2.483312591922163,95.54813892974319,4.451861070256816
05CGFN,Handsworth,1991,97.52811554489924,0.5537477878632185,0.26831078381001316,0.3311069247017183,0.14271850202660272,0.10275732145915396,0.06279614089170521,0.39390306559342353,0.6165439287549238,98.49289261859906,1.5071073814009248
05CGFP,Heeley,1991,94.21876772949052,0.9474639736752525,0.4084874617043005,0.4425280835129922,0.3914671507999546,0.17020310904345853,0.618404629524566,0.8453421082491773,1.957335753999773,95.96618631567003,4.033813684329967
05CGFQ,Hillsborough,1991,97.04145218098077,0.791113519371444,0.3793010024383636,0.3467894879436467,0.20048767271742077,0.07044161473855325,0.00541858574911948,0.42806827418043886,0.7369276618802493,98.412354375508,1.5876456244920076
05CGFR,Intake,1991,97.6028287660548,0.4055951328584057,0.21839737923144922,0.2651968176381883,0.21839737923144922,0.12999844001871977,0.020799750402995164,0.43679475846289845,0.7019915761010868,98.4452186573761,1.5547813426238886
05CGFS,Manor,1991,96.46315443952076,0.5580173970129657,0.23797800754964712,0.45133760052519284,0.25439028393238144,0.11488593467914,0.45954373871656,0.41030690956835714,1.0503856884949943,97.51354012801575,2.4864598719842443
05CGFT,Mosborough,1991,97.11513831967213,0.6467725409836066,0.36180840163934425,0.25614754098360654,0.1728995901639344,0.10566086065573771,0.019211065573770492,0.6083504098360656,0.7140112704918032,98.29661885245902,1.7033811475409837
05CGFU,Nether Edge,1991,86.0055423594616,1.5703351807864874,1.1282660332541568,0.7455793085246767,0.640010556875165,0.5476378991818422,3.9720242808128794,1.7748746371074164,3.615729743995777,89.34415413037742,10.655845869622592
05CGFW,Nether Shire,1991,96.89951672629135,0.6150756291972636,0.2384987133622042,0.5962467834055106,0.2698801230151259,0.09414422895876483,0.15690704826460805,0.4205108893491496,0.7092198581560284,98.02297119186595,1.9770288081340617
05CGFX,Netherthorpe,1991,89.48044533257207,1.4344847273765344,0.5638024550385384,0.8849557522123894,0.5780759349129317,0.17128175849272054,0.27833285755067083,1.2203825292606338,5.3882386525834995,92.05680844990007,7.943191550099915
05CGFY,Norton,1991,97.13178294573643,0.5943152454780362,0.3423772609819121,0.3423772609819121,0.2131782945736434,0.16149870801033592,0.0710594315245478,0.6201550387596899,0.5232558139534884,98.28165374677002,1.7183462532299743
05CGFZ,Owlerton,1991,97.28370221327968,0.6287726358148894,0.23893360160965796,0.3332494969818914,0.17605633802816903,0.12575452716297786,0.01886317907444668,0.38983903420523136,0.8048289738430584,98.3274647887324,1.6725352112676055
05CGGA,Park,1991,96.70364702881919,0.6758479979597042,0.22315735781688345,0.49094618719714356,0.2486610558530987,0.102014792144861,0.06375924509053812,0.46544248916092834,1.0265238459576638,97.85131344044889,2.148686559551135
05CGGB,Sharrow,1991,81.34903006071376,1.4660151043980452,0.7774322523322967,1.0735969198874575,0.5553087516659262,0.5849252184214423,4.22034651266104,1.3179327706204649,8.65541240929957,84.14778616911003,15.852213830889976
05CGGC,Southey Green,1991,98.07233576171748,0.3868222551737477,0.16117593965572818,0.19341112758687384,0.24498742827670683,0.0902585262072078,0,0.40616336793243507,0.44484559344980984,98.86532138482367,1.1346786151763266
05CGGD,South Wortley,1991,97.47825706918404,0.6555657532450505,0.3452646300423933,0.22289235610331715,0.20104016432848215,0.11363139722914209,0.013111315064901008,0.4457847122066343,0.5244526025960404,98.68012761679996,1.319872383200035
05CGGE,Stocksbridge,1991,96.9287288758266,0.7200587803085966,0.4041146216017634,0.4775900073475386,0.16899338721528287,0.1396032329169728,0.02204261572373255,0.5510653930933138,0.5878030859662012,98.22189566495223,1.7781043350477592
05CGGF,Walkley,1991,95.33341300191205,0.7946940726577438,0.4600860420650095,0.40033460803059273,0.2748565965583174,0.11950286806883366,0.05975143403441683,0.8185946462715106,1.7387667304015297,96.86304971319313,3.1369502868068837
05CFFA,Anston/Woodsetts,2001,95.62306938369363,1.1650078337717595,0.6940436667862837,0.19411558295513343,0.6936026756952276,0.1552705324744509,0.05258935400311541,0.7201727873479894,0.7021281832724013,98.1757235599469,1.8242764400530904
05CFFB,Aston/Orgreave/Ulley,2001,96.56545852537043,0.8310911246193544,0.4461917434060836,0.19309221331050735,0.5829393421867064,0.18637916460362397,0.06369117427060694,0.6420115134325717,0.4891451988001106,98.42568073558257,1.5743192644174204
05CFFC,Boston,2001,88.80175262252821,1.1807910318787749,0.653435812447048,0.2649075296619087,0.6518234751926687,1.3838876491002634,4.637557429910373,0.7848673743460198,1.6409770749347348,91.2878029420467,8.7121970579533
05CFFD,Bramley/Ravenfield/Wickersley,2001,96.23189403258715,0.8676817782283485,0.46759385705556455,0.32242480621549213,0.5937398295687556,0.16135458541176745,0.10375509987995528,0.611287597139461,0.6402684139135052,98.16090949743982,1.8390905025601811
05CFFE,Brampton/Melton/Wentworth,2001,97.0011934941966,0.6143990844540801,0.4399026264942932,0.25789003710625935,0.44553017175785636,0.032444961652239854,0.09876706689189976,0.3843921385023142,0.7254804189444559,98.50102537690282,1.498974623097169
05CFFF,Brinsworth/Catcliffe/Treeton,2001,96.60485828436084,0.6410833010903683,0.3444345933994406,0.1532827344398482,0.5490655316584777,0.09769529180929636,0.5057657595580132,0.5317079293663902,0.572106574317325,98.13944171050912,1.860558289490873
05CFFG,Broom,2001,94.77044888892308,0.8288286831788847,0.5676847293601582,0.5395824132876564,0.6319191702227364,0.5071246004407791,0.8891372128374544,0.571335609779173,0.6939386919700786,96.79888147168485,3.2011185283151415
05CFFH,Central,2001,88.2945528767645,0.6974518065863777,0.545561511611142,0.274978663185731,0.8441066633965316,0.618585018627673,6.081847055905346,1.0786758865380173,1.5642405173846827,90.38167285835854,9.61832714164145
05CFFJ,Dalton/Hooton Roberts/Thrybergh,2001,97.02575742928506,0.9232542000821388,0.3623572560707299,0.4327541441670248,0.28237776552779514,0.04017758054118898,0.04445978636758348,0.41432379247587403,0.47453804548259665,98.59374665096573,1.406253349034268
05CFFK,Greasebrough,2001,97.18762776171418,0.5596504417678864,0.6394918211575815,0.2960977345333962,0.4255787774890382,0.212856797376484,0.002255540835776372,0.3200754571248884,0.3563656680007626,98.81234880212868,1.1876511978713076
05CFFL,Herringthorpe,2001,94.98248759442365,0.7970718611829642,0.1904122872970615,0.4824075398597586,0.6733601648301463,0.0329511512350808,1.2138521934427418,0.8190103972860161,0.8084468104425898,96.64333190773382,3.356668092266187
05CFFM,Kimberworth,2001,96.82111966592649,0.652400685107683,0.30729981523383326,0.3597720082105758,0.5973569964496894,0.08208431979213594,0.15846496699257548,0.48833740167624423,0.5331641406107784,98.37817716271769,1.62182283728231
05CFFN,Kiveton Park,2001,95.19958015476902,1.6324878715666058,0.753872045541426,0.19845089272821234,0.6000098996447453,0.056712908966139036,0.028329114244211,0.6570278405330833,0.8735292720065571,98.18594997152181,1.8140500284782028
05CFFP,Maltby,2001,94.96864470766442,1.9739082705880353,0.43327260639622195,0.4444692572882704,0.6019557819806943,0.12690659979481433,0.07525403303595044,0.6347992524697282,0.7407894907818598,97.97778136662937,2.022218633370623
05CFFQ,Park,2001,88.57596377765161,0.5812569839123605,0.46626886912626,0.5588885666210267,0.5911907691456649,0.8400459422337345,5.405244279093806,0.8001666394287744,2.180974172786756,90.21468039983588,9.785319600164097
05CFFR,Rawmarsh East,2001,96.05354974932978,0.9616721908131997,1.0054976123911803,0.3763334348820405,0.3335691429981402,0.06093186272675842,0.2026022076093383,0.5281911202459146,0.477652679003637,98.3542886955323,1.645711304467689
05CFFS,Rawmarsh West,2001,96.60464380711026,0.933157703919735,0.5314377713530638,0.36096890794138964,0.3430064379016566,0.02870251684091699,0.048664617271871616,0.5123616183316139,0.6370566193294833,98.41224572028472,1.5877542797152755
05CFFT,St.John's,2001,95.68354544721879,1.3144709042435865,0.5603199268215264,0.35339680782944305,0.4746621891592538,0.16355397119621168,0.02593322498882052,0.7754949671981313,0.6486225613442398,98.03299846744315,1.9670015325568462
05CFFU,Swinton,2001,97.25527747985366,0.923028385878494,0.2991385739759817,0.32550083048655165,0.3443495358639961,0.05562746019492109,0.052877128606953906,0.34659449001723563,0.39760611512219557,98.82179397557213,1.1782060244278578
05CFFW,Thorpe Hesley,2001,97.20117644381243,0.7335542458095801,0.4839448911165288,0.12490939115377632,0.3511709157684219,0.1444724743522384,0,0.46040385080162016,0.5003677871854096,98.76984649650696,1.2301535034930446
05CFFX,Thurcroft/Whiston,2001,95.83775491389392,1.0432328669819964,0.6724176704905902,0.3192729201313701,0.6314740815730534,0.18244637777762351,0.25210564475360703,0.6112902721835585,0.4500052522142832,98.18487953293956,1.8151204670604424
05CFFY,Wath,2001,96.92299475981848,0.9804045092316721,0.4004009143382849,0.45170642786914134,0.42097116796277895,0.028054428382935225,2.3746508625169127e-4,0.339307788265946,0.4559225390445125,98.72477135135122,1.2752286486487867
05CGFA,Beauchief,2001,94.02191379367581,1.0432447622470247,0.6261564720452208,0.5906897418867422,0.9504285257475156,0.29163801807117734,0.15910052461454582,0.9615948977907738,1.3552332639212006,96.64174355371557,3.3582564462844395
05CGFB,Birley,2001,96.7888544438844,0.7432485010620881,0.5321772156383795,0.27552511025779136,0.41893883356075906,0.14155281958461297,0.03355870462903785,0.5912653893016535,0.4748789820812813,98.48321899414563,1.5167810058543771
05CGFC,Brightside,2001,93.66636532556169,0.5995223579720262,0.3963768689881293,0.3282248984206954,0.6167136766181744,0.23405731784800163,1.0898327565398396,0.6069064097445337,2.462000388306917,95.27897822914001,4.721021770859988
05CGFD,Broomhill,2001,81.78859496835565,1.7053271900838964,1.8666496619106965,0.7310134589069789,2.7303875091691387,0.6883482106053487,0.5732275843562299,2.9929654210198593,6.923485995592206,88.09095932951938,11.909040670480623
05CGFE,Burngreave,2001,74.92798566957228,0.8159624890164294,0.621181552406239,0.5198355349527022,0.8406509769886648,0.7213020688443423,7.944384973146495,1.0883675648493638,12.52032917022349,77.20578068798362,22.794219312016395
05CGFF,Castle,2001,85.30378654811076,1.0164476290549802,0.5628200284491334,0.4829227128279678,1.1870494180454956,0.31699974074417453,2.1874187138058225,2.1201209833061054,6.822434225655566,88.07010362366037,11.929896376339634
05CGFG,Chapel Green,2001,96.31549200017388,0.6623268329185769,0.3774048682230918,0.31300033416053874,0.4710056839217439,0.18990637464065502,0.308243168730221,0.503146314259703,0.859474422971598,97.8262293852373,2.1737706147627156
05CGFH,Darnall,2001,84.25904710256044,0.46308707266450094,0.42598869833750724,0.3860498338233212,0.5562448012763238,0.7086942546480194,7.198742525996382,0.6298530568280235,5.372292653865463,85.70436767483878,14.29563232516121
05CGFJ,Dore,2001,92.85044640272191,1.4569193744301308,0.9506809450717897,0.43543679926923456,1.0661531362357646,0.27962192817107107,0.1661848860176296,1.0938873432344813,1.7006691848479698,96.32419985845961,3.6758001415403863
05CGFK,Ecclesall,2001,89.47738778807259,1.7888447927079059,1.21501966888608,0.5749391937433801,1.4851561564729092,0.7104060337065546,0.39395234867591644,1.598820940463139,2.755473077271516,93.9664084061395,6.033591593860507
05CGFL,Firth Park,2001,85.73615567066356,0.6457239140782954,0.3452827176341969,0.3378197113260148,0.6869450724235832,0.36926873906553676,5.675858001964335,0.8873552238593658,5.315590948985123,87.41410737479963,12.585892625200376
05CGFM,Hallam,2001,89.62328374197888,1.588613860119655,1.0410924489294866,0.46560090265541754,1.4470043593703665,0.6772589399356577,0.19050989736549864,1.3796558122114069,3.586980037433622,93.69999441039839,6.300005589601603
05CGFN,Handsworth,2001,96.28494018358028,0.6788779311532039,0.4768194748633859,0.35362566783963756,0.5213793450834314,0.12430762306293335,0.15864794891055634,0.5712373082431247,0.8301645172634342,97.9620169346803,2.037983065319686
05CGFP,Heeley,2001,92.36544984728575,1.0454470564941767,0.6290238396564217,0.34617600814898847,1.0221324493984452,0.13561559855058072,0.9348289628570112,1.0040210552710551,2.517305182337581,95.0620531928348,4.937946807165217
05CGFQ,Hillsborough,2001,95.81967345351326,0.8516736914807498,0.43313741709561954,0.4015551742545713,0.6627376308845561,0.05417650760688278,0.0877693872793494,0.618342376673211,1.0709343612118198,97.76722219297419,2.232777807025834
05CGFR,Intake,2001,96.11596981544295,0.6743255024022642,0.389250524110775,0.41054254048060024,0.577370043484741,0.0985141026723606,0.1156791796067827,0.5287368468458299,1.0896114449536993,97.75691588544073,2.243084114559273
05CGFS,Manor,2001,95.87280936301006,0.7798744764654882,0.3186069916543317,0.3604632728606272,0.6307282006266526,0.07601239707185513,0.5683560461145187,0.404213203530636,0.9889360486658335,97.60201903175654,2.3979809682434707
05CGFT,Mosborough,2001,95.96380230876927,0.7920541702578955,0.39692628443955086,0.22350168805379203,0.7013391304493519,0.12890081255638886,0.08860666696003758,0.7361786473294214,0.9686902911842882,97.85412189391607,2.145878106083928
05CGFU,Nether Edge,2001,82.92048634876163,1.5364856526908188,1.4607676912056864,0.7264865119694182,1.8281300480065983,0.836484632498378,4.271224104068887,2.0713186996668345,4.348616311131758,87.74586974066473,12.254130259335277
05CGFW,Nether Shire,2001,95.74645441039496,0.6833589617972613,0.46043289738564724,0.5641767704899869,0.5103901841593913,0.17507483867948606,0.35139646132005264,0.49360361480852266,1.0151118609646914,97.40063645373726,2.5993635462627394
05CGFX,Netherthorpe,2001,80.0883427090088,1.3658400722739834,1.288743013408378,0.7662864493684483,2.8448844017392285,0.550962475657743,0.8015027152255629,2.746277520739704,9.547160642578154,85.58781019643038,14.412189803569612
05CGFY,Norton,2001,95.0598463732761,0.7496415597041262,0.5710403931774305,0.4005368096328161,0.9383651292582136,0.16462339466883896,0.14348748949172646,0.9165129644957566,1.0559458862949904,97.31889345541587,2.6811065445841287
05CGFZ,Owlerton,2001,95.51358866019773,0.7152324348460595,0.43430397595270037,0.16066369465305347,0.6445117364049979,0.16128981953686733,0.20091783174040703,0.643938638124987,1.5255532085432064,97.30763680740148,2.6923631925985214
05CGGA,Park,2001,92.7767955244212,0.6862362278092458,0.6505248636413714,0.5395850886903942,1.0350558154051765,0.2331007847577371,0.4924478401535398,1.0927326560781223,2.493521199043221,95.14861243127699,4.851387568723014
05CGGB,Sharrow,2001,73.80906599206305,1.2994221085758417,1.0592068080376242,0.6864758144257654,2.663749398540692,0.8509067949778818,4.48364400658655,2.9456776049913853,12.201851471801204,78.83144430721721,21.168555692782785
05CGGC,Southey Green,2001,95.40469028134233,0.6088380882198621,0.48242227602597315,0.21180896330405902,0.39890274743675963,0.2908750678916764,0.7051920663378028,0.3968717116807326,1.5003987977608098,96.89485339302492,3.1051466069750804
05CGGD,South Wortley,2001,95.945329196545,0.7265328059327257,0.5142323987832538,0.2853476933435446,0.6259124122347639,0.14700530425182512,0.19579920428878378,0.608776260465429,0.9510647241546661,97.81200681349574,2.1879931865042486
05CGGE,Stocksbridge,2001,96.50281600395529,0.8390228331586452,0.5876880695209049,0.33740735164151825,0.4269258278282071,0.10306159396365579,0.09153879811360716,0.4270235421993969,0.6845159796187734,98.35645273446306,1.6435472655369514
05CGGF,Walkley,2001,92.62184638320551,1.1215417528137321,0.9320918523940411,0.38032724088305875,1.0683484149542704,0.17245687506737564,0.3620076186301518,1.1611246859343587,2.180255176117511,95.74382840336754,4.256171596632456
05CFFA,Anston/Woodsetts,2011,96.2547151308695,1.1691326998723373,0.5490011023002975,0.14549654297378398,0.2288285810490192,0.1647147829023545,0.04579099975184759,0.7312318207965218,0.7110883394843344,98.20167751409114,1.7983224859088422
05CFFB,Aston/Orgreave/Ulley,2011,96.10413598744226,0.7419790625379624,0.3729803134368079,0.22992709542697531,0.1998447934425851,0.18586903539483496,0.13669099746709806,0.8863986929148573,1.1421740219366134,97.41894015685962,2.581059843140379
05CFFC,Boston,2011,80.00102401332695,0.9615313826014793,0.3400491801479581,0.41751638938727015,0.18438959348045852,1.6121785853293176,7.3150060717397425,4.101241205456038,5.067063578530791,81.48699416955685,18.51300583044316
05CFFD,Bramley/Ravenfield/Wickersley,2011,96.45741496621348,0.8476828503473693,0.4228575000928439,0.2057619230709499,0.1725622936927627,0.2613827479618791,0.1446009935271585,0.7008126125680226,0.7869241125255413,97.90051761034645,2.0994823896535513
05CFFE,Brampton/Melton/Wentworth,2011,96.17907420659462,0.8862524056910142,0.45794230705968564,0.15100876541828243,0.16232978814478102,0.051678180747494924,0.07326129828650858,1.064468191389734,0.9739848566678807,97.68559870749009,2.314401292509901
05CFFF,Brinsworth/Catcliffe/Treeton,2011,95.17540245086104,0.6050480029498152,0.21716106774168278,0.18360538824185846,0.09830872875876241,0.15074696599797494,0.8059345617898579,1.1566188129056636,1.6071740207533367,96.09592025031131,3.904079749688692
05CFFG,Broom,2011,92.13020920589582,0.714209646031494,0.35712831031623077,0.3768668740544046,0.16865221168070843,0.803787165653054,2.5409299845513558,1.0820172016128717,1.8261994002040478,93.37019937392425,6.629800626075734
05CFFH,Central,2011,76.44969062802346,0.7456949535013371,0.2743828953686158,0.18682797135794596,0.10993519860950998,0.46089595567286523,7.383308487494119,7.733911877035913,6.655352032936237,77.57970367550293,22.42029632449708
05CFFJ,Dalton/Hooton Roberts/Thrybergh,2011,96.09715581708792,0.7581460001890197,0.23733344434792142,0.26332164425285504,0.16945630140255916,0.1804997814415755,0.12895299188994286,0.9539664718776409,1.21116754751057,97.26209156302743,2.7379084369725843
05CFFK,Greasebrough,2011,96.17185006839972,0.5047697167135511,0.3320353227781909,0.2828198012945281,0.14752303843556644,0.12303103139986626,0.07499357324821765,0.9848055506322925,1.3781718970980594,97.15617814632704,2.843821853672964
05CFFL,Herringthorpe,2011,90.6606458307992,0.8423172858841832,0.23170313587617067,0.3582820585505827,0.24201566976971203,0.24259524670738594,2.236412482791971,2.046054403977295,3.1399738856434904,91.97668192232926,8.023318077670725
05CFFM,Kimberworth,2011,96.03186624132123,0.4071402218184295,0.18142540532835966,0.4108173742860864,0.16137545297774536,0.08688454982655788,0.2638368621570799,1.150801254737013,1.3058526375475026,96.78180732144575,3.2181926785542396
05CFFN,Kiveton Park,2011,94.94593665640005,1.4754286007246815,0.4970065302332858,0.14488689192930893,0.2555383692623341,0.08152388075073558,0.0945247714784207,1.0922001118793947,1.4129541873417757,97.17391015662037,2.8260898433796355
05CFFP,Maltby,2011,95.65758428324833,1.6916617515323646,0.3038152413330883,0.2978112829192834,0.12516669600745567,0.18349673106666653,0.06971914513486886,0.917777128351285,0.7529677404066696,97.77822797212123,2.2217720278787736
05CFFQ,Park,2011,75.84234786032779,0.5562357524316992,0.13909162132831784,0.3770162595974119,0.14895665154305932,0.3081912537446293,6.913346698511351,8.66448857210531,7.050325330410419,76.68663188563087,23.313368114369123
05CFFR,Rawmarsh East,2011,95.90460696407001,0.7817220667029797,0.5340840730119473,0.326357733126234,0.14826521102965787,0.06936130717851094,0.1383022968632432,0.8607269605867446,1.236573387430675,97.3686783148146,2.6313216851854078
05CFFS,Rawmarsh West,2011,95.48386729803474,0.7886073845241376,0.4224413323339675,0.2534868953750935,0.15023736858090692,0.12192492703426072,0.17854072565431242,1.088941517211974,1.511952551250617,96.84515338347374,3.1548466165262576
05CFFT,St.John's,2011,95.45658731178435,1.263786491519563,0.42105716391080944,0.1891312934953078,0.13841292936583202,0.12599572148728289,0.008476966675157592,1.4083399530528884,0.9882121687088128,97.27984389658054,2.7201561034194492
05CFFU,Swinton,2011,96.95573415996301,0.856066412509617,0.2667762110254924,0.14587161114080074,0.15516263149869056,0.04567047890166971,0.09140781471965537,0.7431199153215368,0.7401907649195316,98.23373941499682,1.7662605850031943
05CFFW,Thorpe Hesley,2011,96.64079936602154,0.6452612639123478,0.2887222463883221,0.11642540867977785,0.11604738462986139,0.12675741909259108,0.08385443025375967,0.8415228071573241,1.1406096738644667,97.69083026095207,2.3091697390479196
05CFFX,Thurcroft/Whiston,2011,95.58787200572918,0.8862487484171221,0.40911877857528817,0.16562150627161742,0.16561457103753793,0.23376156371137455,0.4872042097775344,0.798542317066596,1.2660162994137472,97.04885410375913,2.9511458962408694
05CFFY,Wath,2011,96.07558635907083,0.6940567301567975,0.39080805914270755,0.2594168335458107,0.12925088837407506,0.09272439399790834,0.06493693992459434,0.9316942421417642,1.3615255536455357,97.28970203674442,2.7102979632556137
05CGFA,Beauchief,2011,93.5208943720194,1.1155765268335731,0.5350182548907719,0.46446631809074324,0.2724022905649551,0.3960960700708908,0.3175443197158464,1.3796826405932012,1.9983192072206204,95.4438914443087,4.556108555691302
05CGFB,Birley,2011,96.05410896440317,0.593845528275083,0.32616100377766516,0.24672514581103835,0.1694739439334114,0.13399119542029347,0.10847631986471067,0.993153879990065,1.3740640185245587,97.14358944038933,2.856410559610666
05CGFC,Brightside,2011,86.11083155772296,0.5026401134606092,0.26554909361560053,0.17377666094383093,0.16377028868982457,0.4680734162987886,2.2807067626685287,2.809700180064393,7.224951926535465,87.042791053489,12.957208946511006
05CGFD,Broomhill,2011,84.33321039934908,1.3392743435391405,1.3193949523977722,0.5029372880484884,0.6955382125799965,1.0783255670173928,0.3969779559777703,3.432068712002419,6.902272569087945,87.68741790786599,12.312582092134015
05CGFE,Burngreave,2011,63.08952136114531,0.40249808545181975,0.4826647917371283,0.41369022376241804,0.12676888000653003,1.213617316503858,7.838861551396315,4.132999167862521,22.299378622134107,64.10145311834079,35.898546881659215
05CGFF,Castle,2011,77.51233756817821,0.630644098576626,0.3415585930686366,0.4378771473233647,0.33363392396052505,1.6477464946401257,2.7622439644032837,5.281698830373202,11.052259379476018,78.818174183784,21.181825816215994
05CGFG,Chapel Green,2011,96.40816564330143,0.6349908549453712,0.25684821644894396,0.23462025729262845,0.22675456679041042,0.1876853695198479,0.09717845424188598,0.7335011670515392,1.2202554704079356,97.52675928148615,2.4732407185138374
05CGFH,Darnall,2011,77.11937402050609,0.32586377956633206,0.2846091654179385,0.22744305797076986,0.13322421563954065,0.46554803731890404,8.598241687352232,3.5053961287201076,9.3402999075081,77.8630711811299,22.136928818870114
05CGFJ,Dore,2011,91.8241142669994,1.4570359950188558,0.7495295078275015,0.42756002431222717,0.3745991247991616,0.38010779905690134,0.3166741768558583,1.5569711212448811,2.913407983885225,94.40527889464492,5.594721105355093
05CGFK,Ecclesall,2011,89.83173489035778,1.6548902106681547,0.8898429894780023,0.5070223801397308,0.44734982408678997,0.7103707823010874,0.5566568945969793,1.79895652937714,3.603175498994343,92.82381791459072,7.17618208540928
05CGFL,Firth Park,2011,75.95572934667699,0.3713664713431346,0.22811209950974728,0.26536198161631275,0.15913566693147235,1.3107898484437621,7.2073938652531675,4.2451258432962335,10.256984876929174,76.71434358446135,23.28565641553865
05CGFM,Hallam,2011,87.95711049085489,1.3943300624428316,0.938345110296752,0.3826460746764384,0.46143415241855373,1.2323264170930712,0.38804850492222237,2.133631809946563,5.112127377348688,90.75121981601302,9.248780183986984
05CGFN,Handsworth,2011,95.21629945468061,0.5519238349227441,0.3009440280839486,0.1995342886791706,0.17319039335491138,0.1583443756340449,0.2022867588524638,0.8800054055954848,2.3174714601966193,96.24235771104222,3.7576422889577836
05CGFP,Heeley,2011,87.08435906109915,0.9583875918831956,0.5767488064040909,0.3930088543388068,0.2692506962025049,0.3372912983952922,1.2362564798766826,3.039739677660554,6.104957534139732,88.88874615558895,11.111253844411067
05CGFQ,Hillsborough,2011,94.54341022735817,0.8392621529861677,0.4388754622659229,0.25787465498067974,0.2468161028329781,0.1701286214014769,0.08225100224312015,1.343246154534771,2.0781356213967017,96.06836394544324,3.9316360545567495
05CGFR,Intake,2011,94.56345975643148,0.6089138292909404,0.20858468290315008,0.2908816395640017,0.25794579611370083,0.12622798508824834,0.06596567559461947,1.339032043196164,2.53898859181769,95.63890406473928,4.361095935260724
05CGFS,Manor,2011,88.67689335923757,0.4560887452819191,0.2239762703093744,0.2079149313250637,0.22401935969567624,0.2957780897094141,0.9656919467326428,3.0477102377965,5.9019270599118485,89.58097773452454,10.41902226547547
05CGFT,Mosborough,2011,95.33202657196918,0.7583315926892592,0.38994705291595366,0.17670542277602835,0.1611149672313925,0.19643665384846046,0.09004648553460763,1.185427641769417,1.7099636112657042,96.6414201848058,3.3585798151942177
05CGFU,Nether Edge,2011,81.45763456129012,1.3966372819654762,1.2364030781524795,0.5674264079544378,0.5224026358668764,1.4048861031169058,4.814354493813367,3.4333478162927076,5.1669076215476215,84.61307755727496,15.38692244272504
05CGFW,Nether Shire,2011,91.20334519617958,0.6034113702655772,0.16014489473957763,0.3507085219102504,0.19092244879834727,0.511118563578755,0.7878765309159896,1.1642057691791914,5.028266704432719,92.15782390998308,7.842176090016905
05CGFX,Netherthorpe,2011,64.84537130311388,0.9503595372119996,0.9028761885651906,0.3977352981825089,0.5255009199517862,1.9124754316845614,0.5494992229135752,5.828171647394993,24.088010450981507,67.22410794884284,32.77589205115714
05CGFY,Norton,2011,92.10214977374626,0.6386918786043434,0.3886740964483782,0.3608903458622468,0.15950720457756953,0.09042903966984157,0.24991836092033928,1.3927498860405068,4.616989414130508,93.28902295337656,6.710977046623443
05CGFZ,Owlerton,2011,93.2559176927635,0.7466851163347918,0.2420915137938583,0.1866287688996049,0.18680393583768817,0.15266946687266228,0.18043745025129074,1.4870070147448824,3.561759040501724,94.43149825872983,5.568501741270165
05CGGA,Park,2011,87.47624580044253,0.6090941999896188,0.2761952180348403,0.481193290791621,0.27637182599547844,0.7164447567443561,0.6031166156352727,2.69066741381899,6.870670878547289,88.63790704446247,11.362092955537529
05CGGB,Sharrow,2011,68.68609752454154,0.735915885194585,0.79065530263672,0.48795117958860057,0.4956520371176987,3.1600330635593346,3.9055181268694743,4.115375058569458,17.622801821922597,70.70832074949054,29.291679250509464
05CGGC,Southey Green,2011,94.01639173235932,0.37172328377653807,0.19697375992609958,0.18235747379486617,0.23467729614618946,0.09173202538295874,0.31047981296874255,1.166825390402581,3.4288392252426934,94.81976607220814,5.180233927791842
05CGGD,South Wortley,2011,95.56577494734962,0.7778557660720498,0.4557120889706476,0.258689754138112,0.23680610659771623,0.2731692867378755,0.11966718443816891,0.788376980793542,1.5239478849022694,97.03614890899003,2.963851091009968
05CGGE,Stocksbridge,2011,96.14203766654593,0.7653896404123931,0.4125952336740821,0.3453557169788258,0.23622895538641617,0.0883149778735192,0.014945225096536665,0.7024009055873404,1.2927316784449547,97.55625149601883,2.443748503981177
05CGGF,Walkley,2011,90.39419743835764,1.151884494544287,0.7209443692534067,0.4489789988668803,0.3369466324408957,0.3543630152371586,0.17118279472223885,2.1563154163453695,4.265186840232127,92.60397293459623,7.396027065403775
